title,company,location,how_old,link
Cellular Field Design Engineer,Apple,"São Paulo, SP",PostedRecém publicada,https://br.indeed.com/jobs?q=python&l=&vjk=d9733ca857e22d11
Desenvolvedor Python – Porto Alegre – RS,BuscarVagas,"Porto Alegre, RS",PostedHoje,https://br.indeed.com/jobs?q=python&l=&vjk=498b0090685583d8
"ENGENHEIRO DE SOFTWARE COM O SALÁRIO DE R$ 6.319,08",BuscarVagas,"Brasília, DF",PostedHoje,https://br.indeed.com/jobs?q=python&l=&vjk=da4b95aada702ac7
Desenvolvedor (RPA) – Macaé RJ –Remoto (48475),BuscarVagas,"Home office in Rio de Janeiro, RJ",PostedHoje,https://br.indeed.com/jobs?q=python&l=&vjk=36f6b2e18186415a
Estágio Desenvolvimento,BuscarVagas,"Porto Alegre, RS",PostedHoje,https://br.indeed.com/jobs?q=python&l=&vjk=f50bc36407c16e37
Analista De Desenvolvimento De Sistemas – Esteio – RS,BuscarVagas,"Esteio, RS",PostedHoje,https://br.indeed.com/jobs?q=python&l=&vjk=19d06af206938edd
Desenvolvedor Back-end,BuscarVagas,"Blumenau, SC",PostedHoje,https://br.indeed.com/jobs?q=python&l=&vjk=96010bba0c1157d6
Desenvolvedor Java Perfil Sênior,BuscarVagas,"Jardim, DF+9 locais",PostedHoje,https://br.indeed.com/jobs?q=python&l=&vjk=bf05c47dcc18d575
Engenheiro De Dados Sênior,BuscarVagas,"São Paulo, SP",PostedHoje,https://br.indeed.com/jobs?q=python&l=&vjk=ea7ecb7fb02a9b0a
Desenvolvedor Java SR,BuscarVagas,"Bertioga, SP+2 locais",PostedHoje,https://br.indeed.com/jobs?q=python&l=&vjk=c2d3ae3c3a8e84b4
Estágio – Desenvolvimento Tech Lead – Porto Alegre – RS,BuscarVagas,"Porto Alegre, RS",PostedHoje,https://br.indeed.com/jobs?q=python&l=&vjk=497fb99b93900b1e
Estágio – Desenvolvedor De Produtos – Porto Alegre – RS,BuscarVagas,"Porto Alegre, RS",PostedHoje,https://br.indeed.com/jobs?q=python&l=&vjk=7b849c03176a7f7f
Desenvolvedor De Software C/C++ – Eldorado Do Sul – RS,BuscarVagas,"Home office in Eldorado do Sul, RS",PostedHoje,https://br.indeed.com/jobs?q=python&l=&vjk=6b51995a63c29232
ENGENHEIRO DE SOFTWARE SÊNIOR,BuscarVagas,"Brasília, DF",PostedHoje,https://br.indeed.com/jobs?q=python&l=&vjk=e1a7ef84cb03569a
Trainee De Investimentos – Porto Alegre – Centro – RS,BuscarVagas,"Porto Alegre, RS",PostedHoje,https://br.indeed.com/jobs?q=python&l=&vjk=f49922b82584cbf6
Desenvolvedor Java/ Sênior – Porto Alegre – RS,BuscarVagas,"Home office in Porto Alegre, RS",PostedHoje,https://br.indeed.com/jobs?q=python&l=&vjk=118ae4586b839698
Analista De Infraestrutura Pleno – Brasilia – DF,BuscarVagas,"Brasília, DF",PostedHoje,https://br.indeed.com/jobs?q=python&l=&vjk=9caa06352974708a
Analista ISTM - Sênior,BuscarVagas,"Cubatão, SP+2 locais",PostedHoje,https://br.indeed.com/jobs?q=python&l=&vjk=789fd027903bd08f
Trainee Desenvolvimento,VENHA SER #SANGUELARANJA,Home office,PostedHoje,https://br.indeed.com/jobs?q=python&l=&vjk=682d29ec9e458681
Desenvolvedor Python Jr.,Picsel,"Piracicaba, SP",PostedHoje,https://br.indeed.com/jobs?q=python&l=&vjk=633da6025763b207
ANALISTA DE OPERAÇÕES,TMOV,Home office,PostedHoje,https://br.indeed.com/jobs?q=python&l=&vjk=3819743b12fcb42c
Business Intelligence Analyst (MKT),MATH,Home office,PostedHoje,https://br.indeed.com/jobs?q=python&l=&vjk=7d02f64e44e6431a
CIENTISTA DE DADOS,Divulga Vagas,"Rio de Janeiro, RJ",PostedHoje,https://br.indeed.com/jobs?q=python&l=&vjk=201219ddc7ab4626
Ringa- 4945625/5 - desenvolvedor back end python pleno,Netvagas - (3709121224),"Home office in São Carlos, RS",PostedHoje,https://br.indeed.com/jobs?q=python&l=&vjk=f02409f1b795a74b
Estagiário de Análises Econômicas,Genial Investimentos,"Rio de Janeiro, RJ",PostedHoje,https://br.indeed.com/jobs?q=python&l=&vjk=83da0ba9263c18f8
PROGRAMA DE POTENCIAIS LÍDERES EM ENGENHARIAS,Bosch Group,"Curitiba, PR",PostedHoje,https://br.indeed.com/jobs?q=python&l=&vjk=7b4738eed6bc3dd4
Analista de inteligência de Negócios,Grupo Trigo,"Rio de Janeiro, RJ",PostedHoje,https://br.indeed.com/jobs?q=python&l=&vjk=62e25ca5894ddae7
Analista QA – Salvador – BA,Divulga Vagas,"Home office in Salvador, BA",PostedHoje,https://br.indeed.com/jobs?q=python&l=&vjk=1798f9590d6b4413
Cientista de Dados com ênfase Modelagem de Crédito,Nexoos,"São Paulo, SP",PostedHoje,https://br.indeed.com/jobs?q=python&l=&vjk=c6b0d1debeccf0ee
Desenvolvedor Python,Divulga Vagas,"Blumenau, SC",PostedHoje,https://br.indeed.com/jobs?q=python&l=&vjk=4784cadb4854bf95
Desenvolvedor full-stack junior,Netvagas - (4164801224),"Belo Horizonte, MG",PostedHoje,https://br.indeed.com/jobs?q=python&l=&vjk=92dcef9cf90ebc84
Cientista de dados júnior,Netvagas - (3699981224),"São Paulo, SP",PostedHoje,https://br.indeed.com/jobs?q=python&l=&vjk=cbfdbe61e268ee2b
Pessoa desenvolvedora backend python,Netvagas - (3283651224),"Porto Alegre, RS",PostedHoje,https://br.indeed.com/jobs?q=python&l=&vjk=3c57e385c6dd30c8
Analista Desenvolvedor Backend Pleno,Jive Investments,"São Paulo, SP",PostedHoje,https://br.indeed.com/jobs?q=python&l=&vjk=2db3fa6d10166182
Estágio - desenvolvimento web full stack,Netvagas - (3558641224),"Porto Alegre, RS",PostedHoje,https://br.indeed.com/jobs?q=python&l=&vjk=725d7753b499e690
Assistente administrativo jr,Netvagas - (3488031224),"Parnaíba, PI",PostedHoje,https://br.indeed.com/jobs?q=python&l=&vjk=0ee58dd07720cdcf
Desenvolvedor back end node.js/python,Netvagas - (3715221224),"Remoto híbrido in São Paulo, SP",PostedHoje,https://br.indeed.com/jobs?q=python&l=&vjk=de2ee6dfe4ef3f53
Desenvolvedor(a) fullstack python pl/sr,Netvagas - (3704811224),"Remoto híbrido in São Paulo, SP",PostedHoje,https://br.indeed.com/jobs?q=python&l=&vjk=5177d388e4a58b70
Pessoa estagiária de growth - dados,Netvagas - (4147081224),"Home office in São Paulo, SP",PostedHoje,https://br.indeed.com/jobs?q=python&l=&vjk=766dc9f6cff98018
Desenvolvedor full stack junior/pleno,Netvagas - (4157701224),"Home office in Florianópolis, SC",PostedHoje,https://br.indeed.com/jobs?q=python&l=&vjk=da72373fca2dbaa4
Data Scientist,Netvagas - (4127551224),"Campinas, RS",PostedHoje,https://br.indeed.com/jobs?q=python&l=&vjk=bd4f243157e5218c
Cientista de Dados,Netvagas - (3721331224),"São Paulo, SP",PostedHoje,https://br.indeed.com/jobs?q=python&l=&vjk=9051d686317201c5
Desenvolvedor backend - .net,HrSoul - (3773081224),"Home office in São Paulo, SP",PostedHoje,https://br.indeed.com/jobs?q=python&l=&vjk=60c03d3161f87d26
Engenheiro de dados jr.,Netvagas - (3717121224),"São Paulo, SP",PostedHoje,https://br.indeed.com/jobs?q=python&l=&vjk=ec537128259b8431
Especialista em JavaScript,Curriculum.com.br,"Home office in Rio de Janeiro, RJ",PostedHoje,https://br.indeed.com/jobs?q=python&l=&vjk=4ab7a3a7b4562ba1
Pessoa desenvolvedora python - bolsista/pesquisador (1),Netvagas - (3956941224),"Home office in São José dos Campos, SP",PostedHoje,https://br.indeed.com/jobs?q=python&l=&vjk=e05584dbec660a0c
Analista De Testes – Porto Alegre – Praia De Belas – RS,Divulga Vagas,"Porto Alegre, RS",PostedHoje,https://br.indeed.com/jobs?q=python&l=&vjk=4ceb09a5999d85e6
Data engineer jr,Netvagas - (4165931224),"Belo Horizonte, MG",PostedHoje,https://br.indeed.com/jobs?q=python&l=&vjk=3c69bce9b1cb435c
Analista de excelência operacional jr,Netvagas - (195121224),"São Paulo, SP",PostedHoje,https://br.indeed.com/jobs?q=python&l=&vjk=e19134e211d64427
Desenvolvedor Python – Full Stack – Back End – Para Escritório Contábil – Porto Alegre – RS,Divulga Vagas,"Porto Alegre, RS",PostedHoje,https://br.indeed.com/jobs?q=python&l=&vjk=416bc1a7c68a515b
Backend developer,Netvagas - (4010781224),"Caxias do Sul, RS",PostedHoje,https://br.indeed.com/jobs?q=python&l=&vjk=f8c31a9988d159e1
Analista de inteligência de negócios (26019),Netvagas - (4022181224),"São Paulo, SP",PostedHoje,https://br.indeed.com/jobs?q=python&l=&vjk=398c128b19bd48db
Engenheiro De Dados,Divulga Vagas,"São Paulo, SP",PostedHoje,https://br.indeed.com/jobs?q=python&l=&vjk=bce36365929654bb
Pessoa desenvolvedora full-stack,Netvagas - (2526881224),"Porto Alegre, RS",PostedHoje,https://br.indeed.com/jobs?q=python&l=&vjk=152cd87f55fca698
Backend software engineer- python (nível pleno),Netvagas - (4067801224),"São Paulo, SP",PostedHoje,https://br.indeed.com/jobs?q=python&l=&vjk=3c93efcb35b4e289
PESSOA ENGENHEIRA DE DADOS PL/SR,NAVA | Technology for Business,"Home office in São Paulo, SP+1 local",PostedHoje,https://br.indeed.com/jobs?q=python&l=&vjk=9c616cda87d7efd4
Engenheiro de Dados,Nexoos,"São Paulo, SP",PostedHoje,https://br.indeed.com/jobs?q=python&l=&vjk=3c6dfcc0a12391c1
Analista de prevenção de perdas sr - inteligência de quebras,Netvagas - (229021224),"São Paulo, SP",PostedHoje,https://br.indeed.com/jobs?q=python&l=&vjk=a7e4fc864ebc3c8b
Desenvolvedor DevOps – Rio De Janeiro – RJ,Divulga Vagas,"Rio de Janeiro, RJ",PostedHoje,https://br.indeed.com/jobs?q=python&l=&vjk=8466c7d3748a8b9e
Data Scientist,Netvagas - (3700911224),"Curitiba, PR",PostedHoje,https://br.indeed.com/jobs?q=python&l=&vjk=f288d11e36dec203
Alta - sênior rpa uipath + ocr,Netvagas - (3700851224),"Home office in São Paulo, SP",PostedHoje,https://br.indeed.com/jobs?q=python&l=&vjk=743a6b8da256a242
Desenvolvedor(a) python sênior (1),Netvagas - (3702591224),"Campinas, RS",PostedHoje,https://br.indeed.com/jobs?q=python&l=&vjk=4fa70fdff43474bf
Desenvolvedor – DEV Pleno Ou Sênior – Novo Hamburgo – RS,Divulga Vagas,"Novo Hamburgo, RS",PostedHoje,https://br.indeed.com/jobs?q=python&l=&vjk=6042032d46a7a4aa
Analista De Desenvolvimento De Sistemas – Sapucaia Do Sul – RS,Divulga Vagas,"Sapucaia do Sul, RS",PostedHoje,https://br.indeed.com/jobs?q=python&l=&vjk=af1985847799d2fc
Tech Lead Sênior - 100% Remoto,The Bridge Social,"Home office in São Paulo, SP",PostedHoje,https://br.indeed.com/jobs?q=python&l=&vjk=c46d75b17db356d8
Engenheiro de dados sênior,Netvagas - (3708621224),"Home office in Florianópolis, SC",PostedHoje,https://br.indeed.com/jobs?q=python&l=&vjk=95b899e5774994bc
Analista Desenvolvedor,Netvagas - (3989031224),"São Paulo, SP",PostedHoje,https://br.indeed.com/jobs?q=python&l=&vjk=98d5efb2be81822a
Desenvolvedor Java Perfil Sênior,Divulga Vagas,"Home office in Várzea Paulista, SP+4 locais",PostedHoje,https://br.indeed.com/jobs?q=python&l=&vjk=91303113c81dd013
Estágio em análise de dados,Netvagas - (3699921224),"São Paulo, SP",PostedHoje,https://br.indeed.com/jobs?q=python&l=&vjk=18afad2972748c32
Engenheiro Firmware – Brasília – DF,Divulga Vagas,"Brasília, DF",PostedHoje,https://br.indeed.com/jobs?q=python&l=&vjk=1d0616c5b197dd4b
Engenheiro/a de dados,Netvagas - (3772771224),"Home office in Barueri, SP",PostedHoje,https://br.indeed.com/jobs?q=python&l=&vjk=1cd4a406a005f4d8
Analista abastecimento pl,Netvagas - (195101224),"São Paulo, SP",PostedHoje,https://br.indeed.com/jobs?q=python&l=&vjk=e82f4a0166023d03
Engenheiro de Dados,Netvagas - (3721341224),"São Paulo, SP",PostedHoje,https://br.indeed.com/jobs?q=python&l=&vjk=9f477e00511cb9cf
Consultor Técnico,Netvagas - (3652951224),"São Paulo, SP",PostedHoje,https://br.indeed.com/jobs?q=python&l=&vjk=d9010a5faa8ce02c
Full Stack Developer,Netvagas - (3710211224),"São Paulo, SP",PostedHoje,https://br.indeed.com/jobs?q=python&l=&vjk=400024a850074050
Analista de BI,Netvagas - (3977031224),"Curitiba, PR",PostedHoje,https://br.indeed.com/jobs?q=python&l=&vjk=5987b2ceadef95ac
Programador,Netvagas - (3720741224),"Salvador, BA",PostedHoje,https://br.indeed.com/jobs?q=python&l=&vjk=dfd697e073054015
Desenvolvedor (a) back-end python sênior,Netvagas - (4157381224),"Uberlândia, MG",PostedHoje,https://br.indeed.com/jobs?q=python&l=&vjk=1328f3d4a0167da9
Vaga - desenvolvedor full-stack python pleno,Netvagas - (3341421224),"Caxias do Sul, RS",PostedHoje,https://br.indeed.com/jobs?q=python&l=&vjk=7efab3ba4fe0bd28
Engenheiro de Dados,Netvagas - (3917461224),"São Paulo, SP",PostedHoje,https://br.indeed.com/jobs?q=python&l=&vjk=2cb2ef6360617ee9
Pessoa desenvolvedora visão computacional sênior,Netvagas - (3637841224),"Porto Alegre, RS",PostedHoje,https://br.indeed.com/jobs?q=python&l=&vjk=2ce1ccc71d42186c
Tech lead de jogos - python e godot,Netvagas - (3702571224),"São Paulo, SP",PostedHoje,https://br.indeed.com/jobs?q=python&l=&vjk=2b9a171fa18f93e2
Analista de bi (1),Netvagas - (3977041224),"Curitiba, PR",PostedHoje,https://br.indeed.com/jobs?q=python&l=&vjk=88a088e0bcc0f355
Engenheiro De Software Com ênfase Em Ambiente Web:,Divulga Vagas,"Brasília, DF",PostedHoje,https://br.indeed.com/jobs?q=python&l=&vjk=a8075341f4bce8c5
Devops,Netvagas - (4164791224),"Belo Horizonte, MG",PostedHoje,https://br.indeed.com/jobs?q=python&l=&vjk=c1dd30e15b155e9a
Engineer Manager,Divulga Vagas,"São Paulo, SP",PostedHoje,https://br.indeed.com/jobs?q=python&l=&vjk=2a67dd2de62bb484
Estágio em ti (pcd),Netvagas - (3999281224),"Home office in Belo Horizonte, MG",PostedHoje,https://br.indeed.com/jobs?q=python&l=&vjk=1f1e3dab61fa2d1a
Data engineer,Netvagas - (3895281224),"Curitiba, PR",PostedHoje,https://br.indeed.com/jobs?q=python&l=&vjk=4ca1088fd8379092
Senior software engineer,Netvagas - (4022091224),"São Paulo, SP",PostedHoje,https://br.indeed.com/jobs?q=python&l=&vjk=4c6272ed71728f9a
Cientista de dados sr.,Netvagas - (4067541224),"São Paulo, SP",PostedHoje,https://br.indeed.com/jobs?q=python&l=&vjk=4691d14d5684c207
Engenheiro de dados dataviz sr (pcd) | serasa experian,Netvagas - (4174591224),"São Paulo, SP",PostedHoje,https://br.indeed.com/jobs?q=python&l=&vjk=da6b95815b223771
Analista Desenvolvedor RPA PL/SR - PJ,Divulga Vagas,"São Paulo, SP",PostedHoje,https://br.indeed.com/jobs?q=python&l=&vjk=84ff4bcc573f2787
Engenheiro de firmware,Netvagas - (3709331224),"Curitiba, PR",PostedHoje,https://br.indeed.com/jobs?q=python&l=&vjk=313d5087c70d61ea
Back-end developer,Netvagas - (3710221224),"São Paulo, SP",PostedHoje,https://br.indeed.com/jobs?q=python&l=&vjk=4b2d37d324acaf7e
Analista de dados pleno,Netvagas - (3977101224),"São Paulo, SP",PostedHoje,https://br.indeed.com/jobs?q=python&l=&vjk=398ee1469d4a91fc
Desenvolvedor full stack pleno/sênior,Netvagas - (4157681224),"Home office in Florianópolis, SC",PostedHoje,https://br.indeed.com/jobs?q=python&l=&vjk=f2904c14ac7a24c9
Analista de pricing - ciência de dados,Netvagas - (3708461224),"Rio de Janeiro, RJ",PostedHoje,https://br.indeed.com/jobs?q=python&l=&vjk=7942add1dc84a6d6
Analista de dados sr,Netvagas - (3850951224),"São Paulo, SP",PostedHoje,https://br.indeed.com/jobs?q=python&l=&vjk=78c21a6bdebc2ecc
Full stack software engineer- (nível pleno),Netvagas - (4067731224),"São Paulo, SP",PostedHoje,https://br.indeed.com/jobs?q=python&l=&vjk=654b9e6281f9580c
Especialista plataformas de gerência e automação de redes,Netvagas - (3917381224),"Remoto híbrido in São Paulo, SP",PostedHoje,https://br.indeed.com/jobs?q=python&l=&vjk=e8326a8f54a42e51
Engenheiro de dados jr (pcd) | serasa experian,Netvagas - (3977081224),"Home office in São Paulo, SP",PostedHoje,https://br.indeed.com/jobs?q=python&l=&vjk=ad87b31857105c95
Dba sr,Netvagas - (4021791224),"São Paulo, SP",PostedHoje,https://br.indeed.com/jobs?q=python&l=&vjk=6aa0e4a08360c3b0
Engenheiro De Software Sênior – Porto Alegre – RS,Divulga Vagas,"Porto Alegre, RS",PostedHoje,https://br.indeed.com/jobs?q=python&l=&vjk=e44a132483c10ca1
ANALISTA DE MARKETING DIGITAL PERFORMANCE - PLENO,Lojas Quero-Quero,"Cachoeirinha, RS",PostedHoje,https://br.indeed.com/jobs?q=python&l=&vjk=b9371d7727c5ee8e
Pessoa desenvolvedora back-end node.js sênior (remoto),Netvagas - (4138641224),"Home office in Recife, BA",PostedHoje,https://br.indeed.com/jobs?q=python&l=&vjk=ab5134a38fcab41e
Analista de dados sr,Netvagas - (3717091224),"São Paulo, SP",PostedHoje,https://br.indeed.com/jobs?q=python&l=&vjk=07410f5e73ddc5b7
Analista de dados sênior,Netvagas - (3072031224),"São Paulo, SP",PostedHoje,https://br.indeed.com/jobs?q=python&l=&vjk=50aee2016ec3e5e0
Pessoa desenvolvedora mobile flutter,Netvagas - (3534351224),"Porto Alegre, RS",PostedHoje,https://br.indeed.com/jobs?q=python&l=&vjk=16293913e223f668
Software engineer backend- pleno,Netvagas - (3862061224),"São Paulo, SP",PostedHoje,https://br.indeed.com/jobs?q=python&l=&vjk=2fedafbd40e46a87
Desenvolvedor(a) sênior de jogos c e c++,Netvagas - (3702561224),"São Paulo, SP",PostedHoje,https://br.indeed.com/jobs?q=python&l=&vjk=e79e712dab3ee3f3
Engenheiro de dados sr (pcd) | serasa experian,Netvagas - (4128261224),"São Paulo, SP",PostedHoje,https://br.indeed.com/jobs?q=python&l=&vjk=415875569c751609
Desenvolvedor(a) backend python - pleno,Netvagas - (4120541224),"Campinas, RS",PostedHoje,https://br.indeed.com/jobs?q=python&l=&vjk=b7dd06071da4247e
Engenheiro de dados especialista,Netvagas - (3717951224),"Home office in São Paulo, SP",PostedHoje,https://br.indeed.com/jobs?q=python&l=&vjk=ead6eaa458f58868
Desenvolvedor E Arquiteto De SW,Divulga Vagas,"Brasília, DF",PostedHoje,https://br.indeed.com/jobs?q=python&l=&vjk=e84982fe900b361a
Analista ISTM - Sênior,Divulga Vagas,"São Vicente, SP+2 locais",PostedHoje,https://br.indeed.com/jobs?q=python&l=&vjk=9a0396b1e21ef6d3
Especialista em Segurança da Informação,Netvagas - (3145851224),"São Paulo, SP",PostedHoje,https://br.indeed.com/jobs?q=python&l=&vjk=36d454189e21dd1a
Devops sr,Netvagas - (4021801224),"São Paulo, SP",PostedHoje,https://br.indeed.com/jobs?q=python&l=&vjk=7666eea612f19647
Engenheiro de dados (data & analytics) sr.,Netvagas - (3710871224),"São Paulo, SP",PostedHoje,https://br.indeed.com/jobs?q=python&l=&vjk=12c5a46f05ab1ec1
Full stack software developer (nível pleno),Netvagas - (4067881224),"São Paulo, SP",PostedHoje,https://br.indeed.com/jobs?q=python&l=&vjk=977002e870739205
Desenvolvedor mobile pl,Netvagas - (3841231224),"São Paulo, SP",PostedHoje,https://br.indeed.com/jobs?q=python&l=&vjk=7ae0e2d2e759be43
Desenvolvedor node.js sênior,Netvagas - (4128271224),"Curitiba, PR",PostedHoje,https://br.indeed.com/jobs?q=python&l=&vjk=b5896d340bc1ba26
Engenheiro de dados sênior,Netvagas - (3717971224),"São Paulo, SP",PostedHoje,https://br.indeed.com/jobs?q=python&l=&vjk=07680d1d6f822701
Analista de Inteligência de Mercado Sr.,SLC Agrícola,"Porto Alegre, RS",PostedHoje,https://br.indeed.com/jobs?q=python&l=&vjk=654f9b58c484268b
Analista pdi (desenvolvedor asp .net core) pl rp 8420 senai londrina/pr - remoto,Netvagas - (4094481224),"Home office in Londrina, PR",PostedHoje,https://br.indeed.com/jobs?q=python&l=&vjk=d044563fcf4b2168
Full stack software engineer ( vtex ) - pleno,Netvagas - (3709001224),"São Paulo, SP",PostedHoje,https://br.indeed.com/jobs?q=python&l=&vjk=7a8760784dd14efb
Backend software engineer .net core (nível sênior),Netvagas - (4067841224),"São Paulo, SP",PostedHoje,https://br.indeed.com/jobs?q=python&l=&vjk=dfa968cd48b17309
Hadoop developer/data engineer,Netvagas - (4067511224),"Curitiba, PR",PostedHoje,https://br.indeed.com/jobs?q=python&l=&vjk=95a97101f9eb1938
Desenvolvedor backend sr. (hibrido/curitiba),Netvagas - (4085871224),"Curitiba, PR",PostedHoje,https://br.indeed.com/jobs?q=python&l=&vjk=56057f252f3caadf
Senior platform engineer,Netvagas - (3609071224),"Home office in São Paulo, SP",PostedHoje,https://br.indeed.com/jobs?q=python&l=&vjk=c0398b51d4ffe420
Desenvolvedor(a) backend .net - pleno,Netvagas - (4120551224),"Campinas, RS",PostedHoje,https://br.indeed.com/jobs?q=python&l=&vjk=2f4853d93fdde308
Backend software developer (nível pleno),Netvagas - (4067891224),"São Paulo, SP",PostedHoje,https://br.indeed.com/jobs?q=python&l=&vjk=4044e6e1036c3df4
Tech lead devops | latitude.sh,Netvagas - (4104411224),"São Paulo, SP",PostedHoje,https://br.indeed.com/jobs?q=python&l=&vjk=a2024eab2c7b5d0f
Backend software developer .net core (nível pleno),Netvagas - (4067831224),"São Paulo, SP",PostedHoje,https://br.indeed.com/jobs?q=python&l=&vjk=d5bc584252bc7319
Especialista em segurança,Netvagas - (4067591224),"Curitiba, PR",PostedHoje,https://br.indeed.com/jobs?q=python&l=&vjk=9778f4a3ddfe8a7b
Backend software developer (nível sênior),Netvagas - (4067901224),"São Paulo, SP",PostedHoje,https://br.indeed.com/jobs?q=python&l=&vjk=75dfd482bbc8e356
Desenvolvedor node js sênior (1),Netvagas - (4128281224),"Curitiba, PR",PostedHoje,https://br.indeed.com/jobs?q=python&l=&vjk=174d04faae1d8cfd
Analista web php - pleno/sênior,Netvagas - (3701551224),"São Paulo, SP",PostedHoje,https://br.indeed.com/jobs?q=python&l=&vjk=162040144144115b
Full stack software developer (nível sênior),Netvagas - (4067871224),"São Paulo, SP",PostedHoje,https://br.indeed.com/jobs?q=python&l=&vjk=49c476965cfe389b
Engenheiro de sistemas sre - (sr),Netvagas - (3701891224),"São Paulo, SP",PostedHoje,https://br.indeed.com/jobs?q=python&l=&vjk=0bc73290b358e01c
Estágio em TI,UOL,"São Paulo, SP",PostedHoje,https://br.indeed.com/jobs?q=python&l=&vjk=8b1e55667cc58902
ANALISTA DE RISCO QUANTITATIVO SR,Agibank,"Remoto híbrido in Campinas, SP",PostedHoje,https://br.indeed.com/jobs?q=python&l=&vjk=c6c38079fd96ef41
Desenvolvedor Python Sênior,PRIME CLASS DHO,"Home office in Barueri, SP",PostedHoje,https://br.indeed.com/jobs?q=python&l=&vjk=e53171b5280c14f1
8431 - Pessoa Desenvolvedora Java (Pl),GLOBAL HITSS,"Brasília, DF",PostedHoje,https://br.indeed.com/jobs?q=python&l=&vjk=77d895ba35d85950
Analista de Suporte Técnico Jr - Exclusiva para Pessoas com Deficiência,Ame Digital,"Home office in São Paulo, SP",PostedHoje,https://br.indeed.com/jobs?q=python&l=&vjk=a66aa900372bff9f
Desenvolvedor Python sr,Projeto 22,"Campinas, SP",PostedHoje,https://br.indeed.com/jobs?q=python&l=&vjk=fbcb8afeb6f3368b
DevOps Specialist,Picsel,"Home office in Piracicaba, SP",PostedHoje,https://br.indeed.com/jobs?q=python&l=&vjk=e2082f0b715fabea
DESENVOLVEDOR DE SOFTWARE - SUPERIOR COMPLETO,Não encontrada,"Home office in Campinas, SP",PostedHoje,https://br.indeed.com/jobs?q=python&l=&vjk=793d83943b90506d
Analista de FP&A - Modelagem Financeira,ARMAC,"Barueri, SP",PostedHoje,https://br.indeed.com/jobs?q=python&l=&vjk=900011943784c59e
Cyber Security SR,CBYK,"Guarulhos, SP",PostedHoje,https://br.indeed.com/jobs?q=python&l=&vjk=d88e146c0e014629
Engenheiro Eletrônico JR,NOVARE RH,"Curitiba, PR",PostedHoje,https://br.indeed.com/jobs?q=python&l=&vjk=0f71e8f3366deb8e
Engenheira de Dados Sênior,Projeto 22,"São Paulo, SP",PostedHoje,https://br.indeed.com/jobs?q=python&l=&vjk=9ef018113cb3d24a
"ANALISTA DE ENGENHARIA DE TI SR - FINANÇAS, RISCO DE CREDITO E CAPITAL",Itaú,"São Paulo, SP",PostedHoje,https://br.indeed.com/jobs?q=python&l=&vjk=404760fa9d83bff6
Engenheiro de TI Sênior - CASH MANAGEMENT - RECEBIMENTOS E PAGAMENTOS PJ,Itaú,"São Paulo, SP",PostedHoje,https://br.indeed.com/jobs?q=python&l=&vjk=8e451a8436d034be
ANALISTA DE ENGENHARIA DE TI SR - BSM - Business Service Management Tools - BSM - Business Service Management Tools,Itaú,"São Paulo, SP",PostedHoje,https://br.indeed.com/jobs?q=python&l=&vjk=5b4623a5b85e42e1
"ANALISTA DE ENGENHARIA DE TI PL - FINANÇAS, RISCO DE CREDITO E CAPITAL",Itaú,"São Paulo, SP",PostedHoje,https://br.indeed.com/jobs?q=python&l=&vjk=8ce31caa2fc1efc7
Full Stack Developer,PACIFIC Digital Group,Home office,PostedAnunciada há 1 dia,https://br.indeed.com/jobs?q=python&l=&vjk=422a12445662c7e1
Python Developer (Remote),AllCart,"Home office in Rio de Janeiro, RJ",PostedAnunciada há 1 dia,https://br.indeed.com/jobs?q=python&l=&vjk=c98a451a883222fc
Pessoa Desenvolvedora Python Pl. Cód. 9686 (Segmento Legal Tech),Softplan,+1 localHome office,PostedAnunciada há 1 dia,https://br.indeed.com/jobs?q=python&l=&vjk=d5db7892b0e2719e
Analista de Dados - Foco em Meios de Pagamento,Sicredi,Home office,PostedAnunciada há 1 dia,https://br.indeed.com/jobs?q=python&l=&vjk=cbe2e90442a3373a
Pessoa Desenvolvedora Back-end Python SR,Datum TI,Home office,PostedAnunciada há 1 dia,https://br.indeed.com/jobs?q=python&l=&vjk=7349b562612cbe23
Pessoa Engenheira de Dados,Akad Seguros,Home office,PostedAnunciada há 1 dia,https://br.indeed.com/jobs?q=python&l=&vjk=31669690d793dc39
Desenvolvedor Python,Não encontrada,"Atibaia, SP+1 local",PostedAnunciada há 1 dia,https://br.indeed.com/jobs?q=python&l=&vjk=5f45dfad3ef87116
Pessoa Cientista de Dados,Akad Seguros,Home office,PostedAnunciada há 1 dia,https://br.indeed.com/jobs?q=python&l=&vjk=e2df28c267afd77f
Desenvolvedor Front-End (Portal De Cobrança/Car),Oi,Home office,PostedAnunciada há 1 dia,https://br.indeed.com/jobs?q=python&l=&vjk=6fce814fe3ee86ca
Assistente de Desenvolvimento de Sistemas - Joinville/SC,Sicredi,"Joinville, SC",PostedAnunciada há 1 dia,https://br.indeed.com/jobs?q=python&l=&vjk=84fcafd381bec399
Analista de Monitoramento Pleno,Bemobi,Home office,PostedAnunciada há 1 dia,https://br.indeed.com/jobs?q=python&l=&vjk=812c44b5285494b1
Desenvolvedor(a) Back-End Júnior,Não encontrada,"Curitiba, PR",PostedAnunciada há 1 dia,https://br.indeed.com/jobs?q=python&l=&vjk=1313360fc94ce1e2
Desenvolvedor(a) FullStack Pleno,Não encontrada,Home office,PostedAnunciada há 1 dia,https://br.indeed.com/jobs?q=python&l=&vjk=6567a3e1fc96bfdf
Analista de Dados Pleno,Qexpert,Home office,PostedAnunciada há 1 dia,https://br.indeed.com/jobs?q=python&l=&vjk=aa468c1ad3a50414
Engenheiro DataOps Jr.,Santander,"São Paulo, SP",PostedAnunciada há 1 dia,https://br.indeed.com/jobs?q=python&l=&vjk=e47aee9fe42702d1
Estágio Risco Crédito,Trabalhe Conosco Fibra,"São Paulo, SP",PostedAnunciada há 1 dia,https://br.indeed.com/jobs?q=python&l=&vjk=d546d87e33d8846e
Engenheiro ML Jr.,Santander,"São Paulo, SP",PostedAnunciada há 1 dia,https://br.indeed.com/jobs?q=python&l=&vjk=824b1c7912e03fed
Backend Engineer Pleno,Carreiras Tech - Syngenta Digital,Home office,PostedAnunciada há 1 dia,https://br.indeed.com/jobs?q=python&l=&vjk=28de942d3997c9b3
41584-44841-45105-44958-ANALISTA DE MIS,NEOBPO,"São Paulo, SP",PostedAnunciada há 1 dia,https://br.indeed.com/jobs?q=python&l=&vjk=395f7afdda570f26
Senior PnL Analyst,XP,"Home office in São Paulo, SP",PostedAnunciada há 1 dia,https://br.indeed.com/jobs?q=python&l=&vjk=c3034afb496116b6
Full Stack Developer Pl.,Santander,"São Paulo, SP",PostedAnunciada há 1 dia,https://br.indeed.com/jobs?q=python&l=&vjk=f26818881ed53993
Senior Power BI Developer - Brazil/LatAm,Data Meaning,Home office,PostedAnunciada há 1 dia,https://br.indeed.com/jobs?q=python&l=&vjk=a59a96652c844d53
Analista de Processos Pleno,Grupo DPSP – Drogarias Pacheco São Paulo,"São Paulo, SP",PostedAnunciada há 1 dia,https://br.indeed.com/jobs?q=python&l=&vjk=4b93935982d8169d
ANALISTA DE EXPANSAO JR,Lojas Quero-Quero,"Cachoeirinha, RS",PostedAnunciada há 1 dia,https://br.indeed.com/jobs?q=python&l=&vjk=bd81e6b31cdd15ec
Pessoa Engenheira de Dados Sênior,Aquarela Analytics,Home office,PostedAnunciada há 1 dia,https://br.indeed.com/jobs?q=python&l=&vjk=376c75cb8962038b
Engenheiro de Dados - Pleno,Santander,"São Paulo, SP",PostedAnunciada há 1 dia,https://br.indeed.com/jobs?q=python&l=&vjk=11c1d5c3461e678c
Desenvolvedor Full Stack CAR,Oi,Home office,PostedAnunciada há 1 dia,https://br.indeed.com/jobs?q=python&l=&vjk=3f7b1851c98696e6
Analyst 1 | Treasury Product Control,XP,"Home office in São Paulo, SP",PostedAnunciada há 1 dia,https://br.indeed.com/jobs?q=python&l=&vjk=df71d61368170d17
Desenvolvedor JavaScript/Vue.js,Não encontrada,"Atibaia, SP",PostedAnunciada há 1 dia,https://br.indeed.com/jobs?q=python&l=&vjk=7a97adb368819171
Analista de Sistemas e/ou Automação,Lynx Process,+1 localHome office,PostedAnunciada há 1 dia,https://br.indeed.com/jobs?q=python&l=&vjk=504e273bc904c975
Engenheiro MLOps Senior,Santander,"São Paulo, SP",PostedAnunciada há 1 dia,https://br.indeed.com/jobs?q=python&l=&vjk=e7779dd8ec9175e6
Pessoa Estagiária de Integridade e Gêmeos Digitais,CERTI,"Remoto híbrido in Florianópolis, SC",PostedAnunciada há 1 dia,https://br.indeed.com/jobs?q=python&l=&vjk=f3a572088425e0d9
Head de Engenharia de Software,Oto,Home office,PostedAnunciada há 1 dia,https://br.indeed.com/jobs?q=python&l=&vjk=6cba2622b57cc020
Analista de Segurança da Informação Sênior - SIEM & SOAR,Cipher,"Home office in São Paulo, SP",PostedAnunciada há 1 dia,https://br.indeed.com/jobs?q=python&l=&vjk=4cd8beaf4842d8d2
"Desenvolvedor Front-end (React Native, React e Python)",Turing.com,Home office,PostedAnunciada há 1 dia,https://br.indeed.com/jobs?q=python&l=&vjk=965c2d1123c10d40
ANALISTA DE PROCESSOS,Embraer,"Campinas, SP",PostedAnunciada há 1 dia,https://br.indeed.com/jobs?q=python&l=&vjk=0c00bfb4a657fe66
Programador Sênior,Liga & Associados,"Goiânia, GO",PostedAnunciada há 1 dia,https://br.indeed.com/jobs?q=python&l=&vjk=25748c4aa77c94da
IT Analyst +,Santander,"São Paulo, SP",PostedAnunciada há 1 dia,https://br.indeed.com/jobs?q=python&l=&vjk=964e209f426d3118
SITE RELIABILITY ENGINEERING (SRE) - 19999 / 20827,Bosch Group,"Home office in Campinas, SP",PostedAnunciada há 1 dia,https://br.indeed.com/jobs?q=python&l=&vjk=274103ca71b62501
Especialista Urbancode Deploy,GFT Technologies SE,"Home office in Barueri, SP",PostedAnunciada há 1 dia,https://br.indeed.com/jobs?q=python&l=&vjk=853af26fbe369ceb
Senior Data Engineer,Trustly,"Vitória, ES",PostedAnunciada há 1 dia,https://br.indeed.com/jobs?q=python&l=&vjk=90a695f133277e1b
IT Engineer Specialist,Santander,"São Paulo, SP",PostedAnunciada há 1 dia,https://br.indeed.com/jobs?q=python&l=&vjk=dac788c067371c53
CIENTISTA DE DADOS - SUPERIOR COMPLETO,Não encontrada,"Joinville, SC+1 local",PostedAnunciada há 1 dia,https://br.indeed.com/jobs?q=python&l=&vjk=0b5db38c633ec1fa
Application Security Analyst | Mid/Senior,Compass.UOL,Home office,PostedAnunciada há 1 dia,https://br.indeed.com/jobs?q=python&l=&vjk=9d9e9e23b76d9863
Engenheiro de Dados Sênior,innolevels - Leveraging your Business,"São Paulo, SP",PostedAnunciada há 1 dia,https://br.indeed.com/jobs?q=python&l=&vjk=f8b40ac7c2c73e42
WEG,IEL,"Jaraguá do Sul, SC",PostedAnunciada há 1 dia,https://br.indeed.com/jobs?q=python&l=&vjk=6a22bc5b89f22905
CLOUD DEVOPS ENGINEER - 21382,Bosch Group,"Home office in Curitiba, PR",PostedAnunciada há 1 dia,https://br.indeed.com/jobs?q=python&l=&vjk=ac7eaf96e508e0e6
Arquiteto de Soluções TI - Especialista,Unisys,"São Paulo, SP+1 local",PostedAnunciada há 1 dia,https://br.indeed.com/jobs?q=python&l=&vjk=b782aead44f69329
C++ Developer,HOLDEN Recruiting Talents,"São Paulo, SP",PostedAnunciada há 1 dia,https://br.indeed.com/jobs?q=python&l=&vjk=1450cce522933e4d
Engenheiro de TI Sênior - CASH MANAGEMENT - RECEBIMENTOS E PAGAMENTOS PJ,Itaú Unibanco,"São Paulo, SP",PostedAnunciada há 1 dia,https://br.indeed.com/jobs?q=python&l=&vjk=04805f5e73925a98
Senior C++ Engineer- International Client,Hunt RH,"São Paulo, SP",PostedAnunciada há 1 dia,https://br.indeed.com/jobs?q=python&l=&vjk=ce976fc01bc7d6b9
Solutions Architect - Remote,Zyte,"Home office in Rio de Janeiro, RJ+1 local",PostedAnunciada há 1 dia,https://br.indeed.com/jobs?q=python&l=&vjk=68c60c8ea495b71c
Desenvolvedor Back-End (Portal de Cobrança/CAR),Oi,Home office,PostedAnunciada há 1 dia,https://br.indeed.com/jobs?q=python&l=&vjk=8cff448315f54baf
Pl. Project Engineer Smart Agriculture,AGCO,"Canoas, RS",PostedAnunciada há 1 dia,https://br.indeed.com/jobs?q=python&l=&vjk=44be1e34eb279248
"ANALISTA DE ENGENHARIA DE TI PL - FINANÇAS, RISCO DE CREDITO E CAPITAL",Itaú Unibanco,"São Paulo, SP",PostedAnunciada há 1 dia,https://br.indeed.com/jobs?q=python&l=&vjk=5a3a7a91772473bb
DevOps Sênior,PicPay,"São Paulo, SP",PostedAnunciada há 1 dia,https://br.indeed.com/jobs?q=python&l=&vjk=0a5cc8c0d031316c
ANALISTA DE ENGENHARIA DE TI SR - BSM - Business Service Management Tools - BSM - Business Service Management Tools,Itaú Unibanco,"São Paulo, SP",PostedAnunciada há 1 dia,https://br.indeed.com/jobs?q=python&l=&vjk=853c2969e81aa512
Sr Software Development Engineer in Test - SDET,Trimble,Home office,PostedAnunciada há 1 dia,https://br.indeed.com/jobs?q=python&l=&vjk=9563e764efe0ebf6
Desenvolvedor (a) Fullstack Senior,VENHA SER #SANGUELARANJA,Home office,PostedAnunciada há 1 dia,https://br.indeed.com/jobs?q=python&l=&vjk=a59db503fb5bdc64
Arquiteto Portal De Cobrança (Car),Oi,Home office,PostedAnunciada há 1 dia,https://br.indeed.com/jobs?q=python&l=&vjk=16d12e62ad92e928
Pós-doutorando na área de Química Computacional para trabalhar nos projetos de descoberta de novos Fármacos,Eurofarma,"Itapevi, SP",PostedAnunciada há 1 dia,https://br.indeed.com/jobs?q=python&l=&vjk=5fdf5354a79bd005
"ANALISTA DE ENGENHARIA DE TI SR - FINANÇAS, RISCO DE CREDITO E CAPITAL",Itaú Unibanco,"São Paulo, SP",PostedAnunciada há 1 dia,https://br.indeed.com/jobs?q=python&l=&vjk=dfbb4e517a3d7bc5
Python Developer,Lemon.io,"São Paulo, SP",PostedAnunciada há 2 dia,https://br.indeed.com/jobs?q=python&l=&vjk=92c758ee7a06b405
Desenvolvedor de Sistemas Embarcados,SEMEQ,"Limeira, SP",PostedAnunciada há 2 dia,https://br.indeed.com/jobs?q=python&l=&vjk=8c088c87b006d3d3
Desenvolvedor Back-end Python - Pleno,VC-X Solutions,Home office,PostedAnunciada há 2 dia,https://br.indeed.com/jobs?q=python&l=&vjk=2eb73a628f7d942f
Pessoa Desenvolvedora de Software - Back end,Franq,Home office,PostedAnunciada há 2 dia,https://br.indeed.com/jobs?q=python&l=&vjk=32ce711d8298e8aa
Materials Technology Engineer,TechnipFMC,"Rio de Janeiro, RJ",PostedAnunciada há 2 dia,https://br.indeed.com/jobs?q=python&l=&vjk=48722f88cee10812
Product Owner - Dados,Santander,"São Paulo, SP",PostedAnunciada há 2 dia,https://br.indeed.com/jobs?q=python&l=&vjk=4e37dcc8a8c59f64
Engenheiro de Dados Jr,Santander,"São Paulo, SP",PostedAnunciada há 2 dia,https://br.indeed.com/jobs?q=python&l=&vjk=4e698ec23d25faea
Engenheiro de Dados Google Cloud,Innolevels,"São Paulo, SP",PostedAnunciada há 2 dia,https://br.indeed.com/jobs?q=python&l=&vjk=e16eb41922934004
Engenheiro de Dados Google Cloud,Innolevels,"São Paulo, SP",PostedAnunciada há 2 dia,https://br.indeed.com/jobs?q=python&l=&vjk=e16eb41922934004
Technology and Development Intern,Ascential,"São Paulo, SP",PostedAnunciada há 2 dia,https://br.indeed.com/jobs?q=python&l=&vjk=df4edc5ce5efa4b0
Especialista em Machine Learning - Remoto,KOGNIT,"Home office in Campinas, SP",PostedAnunciada há 2 dia,https://br.indeed.com/jobs?q=python&l=&vjk=8287f3df940ec941
Data Engineer | AWS,Semantix,Home office,PostedAnunciada há 2 dia,https://br.indeed.com/jobs?q=python&l=&vjk=0e86d5ff8ccd5dc5
"Data Science Lead, TikTok Commerce",TikTok,"São Paulo, SP",PostedAnunciada há 2 dia,https://br.indeed.com/jobs?q=python&l=&vjk=f4a430216193c46b
Cientista de Dados,Avanade,"São Paulo, SP",PostedAnunciada há 2 dia,https://br.indeed.com/jobs?q=python&l=&vjk=03ffad453f18d2a9
Data Scientist,Bunge,"Gaspar, SC",PostedAnunciada há 2 dia,https://br.indeed.com/jobs?q=python&l=&vjk=33b84d97a1d06019
Technology and Quality Consultant,Ascential,"São Paulo, SP",PostedAnunciada há 2 dia,https://br.indeed.com/jobs?q=python&l=&vjk=4db757b3f307d2a2
Technology and Quality Specialist,Ascential,"São Paulo, SP",PostedAnunciada há 2 dia,https://br.indeed.com/jobs?q=python&l=&vjk=8b02f905e45015e9
"Software Developper C++, Python: Robot Vision & 3D Vision & Planning (m/f/d)",Convergent Information Technologies GmbH,Tocantins,PostedAnunciada há 2 dia,https://br.indeed.com/jobs?q=python&l=&vjk=d3bff083d666ea20
Diploma-/Master-Theses and Internships/ Working Students: Software development for robots,Convergent Information Technologies GmbH,Tocantins,PostedAnunciada há 2 dia,https://br.indeed.com/jobs?q=python&l=&vjk=1646d3670c4bbeea
Analista de Dados,BRNPAR Empreendimentos Imobiliários,"Araras, SP",PostedAnunciada há 2 dia,https://br.indeed.com/jobs?q=python&l=&vjk=daa7ce09c883a953
Analista Dados BI II,Unimed POA,Home office,PostedAnunciada há 2 dia,https://br.indeed.com/jobs?q=python&l=&vjk=c5a800bd03f487e7
Technology and Quality Executive,Ascential,"São Paulo, SP",PostedAnunciada há 2 dia,https://br.indeed.com/jobs?q=python&l=&vjk=2da0ac372d024213
PESSOA ARQUITETA DE SOFTWARE - .NET,NAVA | Technology for Business,Home office,PostedAnunciada há 2 dia,https://br.indeed.com/jobs?q=python&l=&vjk=5c38aeb4c7f819f8
Data Scientist SR | AWS,Semantix,Home office,PostedAnunciada há 2 dia,https://br.indeed.com/jobs?q=python&l=&vjk=66a51071b4533d55
Engenheiro de Dados Pleno - GCP,Qexpert,Home office,PostedAnunciada há 2 dia,https://br.indeed.com/jobs?q=python&l=&vjk=207b4a9ce97ce9b3
Data engineer Sênior | Modelo Hibrido,Semantix,Home office,PostedAnunciada há 2 dia,https://br.indeed.com/jobs?q=python&l=&vjk=1d1ec3e79d562c39
Data engineer Sênior,Semantix,Home office,PostedAnunciada há 2 dia,https://br.indeed.com/jobs?q=python&l=&vjk=68422dd6e755725c
Analista de TI SR,PremieRpet®,"São Paulo, SP",PostedAnunciada há 2 dia,https://br.indeed.com/jobs?q=python&l=&vjk=2820a16a3635ef86
ESPECIALISTA TELECOM I,TBNet,Home office,PostedAnunciada há 2 dia,https://br.indeed.com/jobs?q=python&l=&vjk=3837c5141b59ef22
Especialista em CRM,Bemol,"Home office in Manaus, AM",PostedAnunciada há 2 dia,https://br.indeed.com/jobs?q=python&l=&vjk=ef094eb88595033c
Engenheiro de Dados Pleno | Cartola Express,Globo,"São Paulo, SP",PostedAnunciada há 2 dia,https://br.indeed.com/jobs?q=python&l=&vjk=85e9b28bfb19a809
Analista de Automação Phyton,TO Brasil,"São Paulo, SP",PostedAnunciada há 2 dia,https://br.indeed.com/jobs?q=python&l=&vjk=89e49c2d49be7cf2
Analista de Business Analyst Senior,Heineken,"São Paulo, SP",PostedAnunciada há 2 dia,https://br.indeed.com/jobs?q=python&l=&vjk=5d0ab27ef78f944c
Engenheiro de Dados Sênior,Minsait an Indra Company,Home office,PostedAnunciada há 2 dia,https://br.indeed.com/jobs?q=python&l=&vjk=420e112c6519af78
Systems Engineer,Fortinet,"São Paulo, SP",PostedAnunciada há 2 dia,https://br.indeed.com/jobs?q=python&l=&vjk=5b1ccd1769fab4aa
Data engineer | NiFi,Semantix,Home office,PostedAnunciada há 2 dia,https://br.indeed.com/jobs?q=python&l=&vjk=413c8c2904647a51
Application Engineer (EMS/GMS),Hitachi Energy,"Guarulhos, SP",PostedAnunciada há 2 dia,https://br.indeed.com/jobs?q=python&l=&vjk=0655b522e25ce2fa
Arquiteto de Soluções (AZURE),Exed Consulting,Home office,PostedAnunciada há 2 dia,https://br.indeed.com/jobs?q=python&l=&vjk=94481299869c7683
Analista de Segurança da Informação Pleno - CSIRT,Cipher,"Home office in São Paulo, SP",PostedAnunciada há 2 dia,https://br.indeed.com/jobs?q=python&l=&vjk=0c42cf248c0b4d33
FULLSTACK Developer React/Python ️ Bring ideas to life...,Prometeo Talent,"São Paulo, SP+2 locais",PostedAnunciada há 2 dia,https://br.indeed.com/jobs?q=python&l=&vjk=5f0c61a7304d0a0d
Engenheiro de Software,Giant Steps Capital,"São Paulo, SP",PostedAnunciada há 2 dia,https://br.indeed.com/jobs?q=python&l=&vjk=54fa40aee5eda4c0
DESENVOLVEDOR PYTHON PLENO - SUPERIOR COMPLETO,Não encontrada,"Uberlândia, MG",PostedAnunciada há 2 dia,https://br.indeed.com/jobs?q=python&l=&vjk=18e4c70c1f47f723
Data Engineer,AllCloud,Home office in Rondônia,PostedAnunciada há 2 dia,https://br.indeed.com/jobs?q=python&l=&vjk=7b9300df99d0ab15
Engenheiro de Dados (GCP),Stefanini,"Home office in São Paulo, SP",PostedAnunciada há 2 dia,https://br.indeed.com/jobs?q=python&l=&vjk=9246a23f3653acb8
Analista de Investimentos I,Porto,"São Paulo, SP",PostedAnunciada há 2 dia,https://br.indeed.com/jobs?q=python&l=&vjk=62eb0efc170a8241
Coordenador de CRM,GRANITO PAGAMENTOS,"Barueri, SP",PostedAnunciada há 2 dia,https://br.indeed.com/jobs?q=python&l=&vjk=186cc5d6e6598498
Pessoa Analista DevOps PL,Certsys,Home office,PostedAnunciada há 2 dia,https://br.indeed.com/jobs?q=python&l=&vjk=ea17cc74b9db5157
Analista de BI SR - Dimensional,Dimensional Brasil,"Curitiba, PR",PostedAnunciada há 2 dia,https://br.indeed.com/jobs?q=python&l=&vjk=7d16f165a7ac97de
BACKEND SOFTWARE ENGINEER PL (HO),Agibank,"Campinas, SP",PostedAnunciada há 2 dia,https://br.indeed.com/jobs?q=python&l=&vjk=23196b1793cef5fb
Linux Engineer OS and Virtualization,akapeople,Exterior,PostedAnunciada há 2 dia,https://br.indeed.com/jobs?q=python&l=&vjk=524c0d2d48f9b256
Analista Telecom Pleno [Dev Java],Vem Pra Vivo,"São Paulo, SP",PostedAnunciada há 2 dia,https://br.indeed.com/jobs?q=python&l=&vjk=06063cfc7ade02fa
Analista DevOps,Giant Steps Capital,"São Paulo, SP",PostedAnunciada há 2 dia,https://br.indeed.com/jobs?q=python&l=&vjk=ea9666515be51ac6
SENIOR C++ SOFTWARE ENGINEER,Hunt RH - Recrutamento Especializado,"São Paulo, SP",PostedAnunciada há 2 dia,https://br.indeed.com/jobs?q=python&l=&vjk=2c0e58ff90cf3247
SENIOR C++ SOFTWARE ENGINEER,Hunt RH - Recrutamento Especializado,"São Paulo, SP",PostedAnunciada há 2 dia,https://br.indeed.com/jobs?q=python&l=&vjk=2c0e58ff90cf3247
Power BI Developer,AllCloud,Home office in Rondônia,PostedAnunciada há 2 dia,https://br.indeed.com/jobs?q=python&l=&vjk=9551bb7efe4a1aa2
Engenheiro Dados (on-premise),Stefanini,"Home office in São Paulo, SP",PostedAnunciada há 2 dia,https://br.indeed.com/jobs?q=python&l=&vjk=c2adc3e078d71083
Desenvolvedor ACL Sênior,Mendes Talent,"São Paulo, SP",PostedAnunciada há 2 dia,https://br.indeed.com/jobs?q=python&l=&vjk=044fca8fd6465e9b
Engenheiro de Dados - Especialista,Santander,"São Paulo, SP",PostedAnunciada há 2 dia,https://br.indeed.com/jobs?q=python&l=&vjk=6bfd594d8214ca74
Desenvolvedor(a) de Firmware - Pleno / Sênior,Hilab,"Curitiba, PR",PostedAnunciada há 2 dia,https://br.indeed.com/jobs?q=python&l=&vjk=19a7256292dd5be6
Senior Software Engineer - Identity Management (Python/Go),Canonical - Jobs,"Rio de Janeiro, RJ+6 locais",PostedAnunciada há 2 dia,https://br.indeed.com/jobs?q=python&l=&vjk=5d2987cdcf792f1f
Engenheiro de Dados Sênior,Santander,"São Paulo, SP",PostedAnunciada há 2 dia,https://br.indeed.com/jobs?q=python&l=&vjk=5461c8373e2ad06d
Pessoa Desenvolvedora Backend Sênior,Oportunidade Mercado Bitcoin,Home office,PostedAnunciada há 2 dia,https://br.indeed.com/jobs?q=python&l=&vjk=842f9abc091f2968
Professor FAC I - RP 11068 - IEL - São José dos Pinhais/PR,SISTEMA FIEP,"São José dos Pinhais, PR",PostedAnunciada há 2 dia,https://br.indeed.com/jobs?q=python&l=&vjk=6b6c3db0e9f30271
Engenheiro de Dados - Remoto,Capgemini,"Home office in São Paulo, SP",PostedAnunciada há 2 dia,https://br.indeed.com/jobs?q=python&l=&vjk=5286504ce7f452f1
IT Senior Analyst,Santander,"São Paulo, SP+1 local",PostedAnunciada há 2 dia,https://br.indeed.com/jobs?q=python&l=&vjk=1f574fe706ccb47b
Software Engineering Manager - Identity Management (Python/Go),Canonical - Jobs,"Rio de Janeiro, RJ+6 locais",PostedAnunciada há 2 dia,https://br.indeed.com/jobs?q=python&l=&vjk=45340b0698470ac2
Arquiteto Python,Innolevels,"Home office in São Paulo, SP",PostedAnunciada há 3 dia,https://br.indeed.com/jobs?q=python&l=&vjk=b1ba87e45e69487f
Desenvolvedor Python Junior,Serasa Experian,"São Paulo, SP",PostedAnunciada há 3 dia,https://br.indeed.com/jobs?q=python&l=&vjk=1a79ee6c55c2a7d3
Full Stack Developer Python - Sênior,Bnex,Home office,PostedAnunciada há 3 dia,https://br.indeed.com/jobs?q=python&l=&vjk=1922f1d06f9f6b97
Desenvolvedor(a) Python Sênior,Não encontrada,"Fortaleza, CE",PostedAnunciada há 3 dia,https://br.indeed.com/jobs?q=python&l=&vjk=17676ebc13d84b7d
Cientista de Dados (Pleno),Propz,Home office,PostedAnunciada há 3 dia,https://br.indeed.com/jobs?q=python&l=&vjk=12892f683e894cf4
QA - Quality Assurance Engineer,Bnex,Home office,PostedAnunciada há 3 dia,https://br.indeed.com/jobs?q=python&l=&vjk=9407a92e1b413919
PROGRAMADOR APP - SP,ICOMON,"Home office in São Paulo, SP",PostedAnunciada há 3 dia,https://br.indeed.com/jobs?q=python&l=&vjk=7e1361c578ae52b2
Pessoa Desenvolvedora de Software Júnior - Vaga Afirmativa para Mulheres,Passei Direto,Home office,PostedAnunciada há 3 dia,https://br.indeed.com/jobs?q=python&l=&vjk=248f6219d0c81223
Data Sciense IA/ML,dataRain Consulting - Careers,"São Paulo, SP",PostedAnunciada há 3 dia,https://br.indeed.com/jobs?q=python&l=&vjk=1374e6e46c7c4a73
CAMICADO - Analista de BI,CARREIRA CAMICADO,"Home office in São Paulo, SP",PostedAnunciada há 3 dia,https://br.indeed.com/jobs?q=python&l=&vjk=e66b95a2d238ccf1
DevOps,Bnex,Home office,PostedAnunciada há 3 dia,https://br.indeed.com/jobs?q=python&l=&vjk=caf46fc6bddc864d
Desenvolvedor Backend - Python - Pleno (Remoto),BIX Tecnologia,Home office,PostedAnunciada há 3 dia,https://br.indeed.com/jobs?q=python&l=&vjk=30a2a2598214868a
Database Analyst (Remote Brazil),Dell Technologies,Home office,PostedAnunciada há 3 dia,https://br.indeed.com/jobs?q=python&l=&vjk=74491cf77b15b66a
Business Analytics Pleno,Neon Pagamentos,Home office,PostedAnunciada há 3 dia,https://br.indeed.com/jobs?q=python&l=&vjk=be77c5218e4ebc59
Analista Desenvolvedor IA (HIBRIDO),VMI Sistemas,"Lagoa Santa, MG",PostedAnunciada há 3 dia,https://br.indeed.com/jobs?q=python&l=&vjk=d7f252aee198b119
Analista de Dados,Textile Xtra Co. Ltda,"Goiânia, GO",PostedAnunciada há 3 dia,https://br.indeed.com/jobs?q=python&l=&vjk=ef18b27b38d97b98
Desenvolvedor Python Pleno - Cidade Jardim,Jobbol,"Home office in Uberlândia, MG",PostedAnunciada há 3 dia,https://br.indeed.com/jobs?q=python&l=&vjk=481c203ba5acbc77
